x1,x2,x3,y
0.39497738748826294,-0.8915844350466398,0.7185602791762329,-0.8712133040224425
0.11730837932516436,-0.009892976984665403,-0.7633639692661998,0.7848814968735327
0.040062020092875406,-0.1155839114886521,-0.06340263461168183,0.43355646387223645
-0.4900138560939187,1.0,-0.8976332122303528,2.8136686630867547
0.21744530822853259,0.15515464369883136,-1.0,-3.16057370173262
1.0,-0.7193925655981206,1.0,0.6860553422328186
-0.17484697690868378,-0.38173031478262454,-0.12478836057866372,1.548008908079263
-0.7586645231739855,-0.8715367193556445,0.15791725714330496,4.056539333079853
-0.9704176712282688,0.8200004382767294,-1.0,16.698644349546196
-0.547156485874482,-0.42462046868535874,-0.5266698394052041,0.9292698783832548
-0.7089690836986753,-1.0,0.5920291831977116,4.922855211894994
-0.5157655801447159,1.0,0.1261091795334799,4.632523523284652
-0.44562219833482586,-0.17516393629207716,0.22923300152799486,0.26852765881827256
-0.7392769625852365,-0.052233231236253896,-1.0,3.5326033524974063
1.0,0.2554585764315993,-0.5040227391278551,5.088813084154352
0.7392565700334786,0.16188044263138113,0.042956061337645846,2.224735408937006
0.5198547595898038,-0.14170117940539484,-0.25174186458443515,1.3046886632711703
0.5077206510115464,-1.0,0.6217205709614324,-0.7724838055709946
-0.6255802675986111,0.5496594521135894,0.4599608943290878,-1.1688964857196267
0.8541920451270648,-0.6419321881595486,1.0,-1.4375407292684181
1.0,0.6123577778957425,-0.2368981970824362,5.941103877109502
1.0,0.4197051056699892,0.6475657054076509,11.734952988683714
0.6647989775851222,-0.26357114818322036,1.0,-1.3930447880815113
-0.7727298270130334,0.025984040724970292,0.681094377797939,-0.843713133300807
-0.8870673158865645,1.0,0.8159066117784619,4.934406944349188
-0.8985038649760533,-0.56513817309303,1.0,6.675283687804813
0.7772219051703029,0.456779925683398,-0.6709001519761302,1.974876233916967
0.23861538587694486,-0.7478711141177568,1.0,-4.148557777232858
1.0,0.4586127735028245,1.0,22.553532768519947
0.9218434694521767,-0.2634280901244912,-0.9179779027781549,3.6157723363495937
0.36825696845645917,0.01903351244546614,-0.7940426487589616,1.1506682385403817
0.5352939313475145,0.12742522596790717,-1.0,-3.0387682784583245
-1.0,-0.3635558436148649,0.7704098496675034,0.9294194058408536
1.0,0.23757621440108712,-0.8456007883623491,7.538783734673541
1.0,-0.29386468806554156,1.0,7.702897615827978
-0.39684460864336746,1.0,-0.8293520299512582,4.332203179094583
0.48673775848497436,-1.0,-0.13200886747914997,0.023287780519179485
0.9230693367353566,-0.5845144920455718,-0.40413543956317777,1.9552793086454845
1.0,-0.9107576435377112,-0.26320706657501525,-2.6522754820920973
0.3793185427888668,-0.1936781583137266,-1.0,-4.076877036937546
-0.7295382936694028,-0.530102261348568,0.15580651985752425,0.9282081768461521
-0.48217807462256124,-1.0,-0.989320304624955,-11.577342550588217
0.55494276705717,-0.9354685296081882,0.7629736791638999,-0.8186146370935395
0.5056711430180045,1.0,0.8942800254952636,9.698386640913618
-1.0,1.0,0.40968552900834876,2.26540918781316
-1.0,-0.8577518998918556,0.6885130167914328,11.231296427345821
-0.15300975028476294,0.6142131658546814,0.06858853432469192,-0.33905013985361343
-0.13855897690390329,1.0,0.769294757827127,10.038431691518126
-1.0,-0.23671121121514127,0.4053636059695427,-3.458031932692265
0.31439365365422156,0.8180120889883318,-0.9068106444189958,-0.03461122056090804
-0.7940276962618602,0.07030799264733156,0.482483538329485,-2.7169113173047004
1.0,1.0,-1.0,39.43787575488455
-1.0,1.0,0.6194605917709652,0.7495506521212121
1.0,-1.0,-0.16862041736784694,-9.090491900018675
-0.5107456695040136,0.17677267529392116,-1.0,-0.6114697360496497
-1.0,-1.0,-0.834948840375455,3.0453594800454624
-0.1674239905809347,-0.03349110330687388,1.0,0.06355216564097482
-1.0,-0.2503125754667117,0.39028630618288007,-1.750799635938623
0.9254860117072434,0.1022862410526515,-1.0,5.128627323605908
-0.14810721784698289,-0.4289709032233735,-0.3295093221423182,1.2989327278602407
0.1298351698794009,0.5191955354174187,0.6784726661673368,0.7376142356710245
0.14407992752981147,-1.0,-0.35573444562466094,0.9541930683092711
1.0,-0.1113378742142106,0.20492021263121551,4.858971387578503
0.2767703402805415,0.03726373465178856,0.5003010022407535,1.6964416269149445
-0.37762977112256957,0.022453247680098487,0.5991753124572377,0.08715789443996685
-0.9570656789105367,1.0,0.9483773746359057,10.98526649620672
-0.20312623644814964,0.7147187391885559,-0.7201253411009285,-0.3885501865509185
0.3617777627679255,0.5047791055671,-0.8249750748780942,-0.5911337418729797
0.2243289458153772,-0.34583279827828206,0.02219614812582682,1.0576411847076275
-0.35572901104437316,-1.0,-0.346356461720958,2.1141322331849124
1.0,-0.3030684304904874,1.0,8.197839199203584
-0.6154900154159209,1.0,0.5600648932094203,5.228496969202653
0.7636249353717968,0.6241593027458394,0.2014603393663268,3.4252446333393496
-0.23256093911806586,-1.0,0.2069983147723513,2.5522982043649547
0.08740397799337818,-0.4344220449979861,-0.5775571664258021,1.4631011712705697
-1.0,-1.0,0.9630476138797628,21.5614401769336
-0.2571234489006222,0.455941078783181,0.6243482443965307,-0.556395962021824
0.43222311362430377,-0.5841650296227658,-0.7510735307611878,-0.5638519850071346
0.08814129082225897,0.23837754119510168,1.0,1.1556549833035261
0.7509017364173372,-0.8320746559058045,0.041701296146982036,-0.17896570717038848
0.11064820396585029,-0.717623249870954,0.021658474261029514,1.3315447467745272
-0.6391638877242867,0.42086388047559864,1.0,3.59242469701259
0.6522371500764552,0.7090275235697314,-0.014710637826587991,2.1145359886309003
-0.5964749291825935,-1.0,-1.0,-9.852880967507112
1.0,0.8300456165335865,-0.5903445373910092,10.216687125674454
1.0,0.6115549825165087,-0.07791133220473889,7.658736144893119
-0.577317600309174,-1.0,0.5265514534509228,3.3848768885001936
-0.04418811372936493,-0.2108923871591648,-1.0,-2.49237830538425
-0.7416128775821493,-0.5007851811210986,-1.0,2.2295455454692936
0.9721959118924033,-0.7863429340665837,-0.9311086216229858,-3.3867334797798847
1.0,-1.0,0.7089250502834465,-6.184301892650207
0.32622402215767,-0.7339554192589886,0.06221713118263472,1.3583440266055857
0.9169669627560288,-0.43855903195662527,-0.722089692855401,3.45372324549015
0.03227194425839719,-0.05368373097025714,0.10662872612429775,1.149067959519848
0.6515705860675831,0.5182407764282715,0.09086683557444397,1.0440245820165788
-0.43034854586318017,-0.12397965635717778,-0.660639002545665,0.5743913787803463
0.4359394279192259,-0.1487077876688776,-1.0,-3.1257897176492833
-1.0,-1.0,0.6871762391448146,14.45942960364953
-1.0,0.4166818456167565,-0.8189105218865458,6.817898061711267
0.616198095369823,0.9925366520801888,1.0,10.141706581273525
-1.0,-0.5076715179760665,1.0,9.349958867676126
-0.17355765969134485,-1.0,-1.0,-15.838393420409401
1.0,0.6085906075955663,0.6548615377155707,12.999732034778143
-0.569775848252144,0.3308758195502546,0.6325527238885824,-1.0734875839616773
1.0,-0.7918994525793401,1.0,-0.8356178219415398
-1.0,-0.3221143739451706,-0.09439717330800979,-3.814957361516103
0.23542948961020116,-0.12014916806450171,0.3049947052628479,1.1132843526038847
-0.6283074430337432,-1.0,0.3851986581884732,3.8962253139806995
-1.0,-1.0,-0.24964092128652982,6.83571880717186
1.0,0.018266371450204266,0.9743232849863965,11.856647227106464
-0.9514944518484889,1.0,-0.0046067362255639566,5.954759183666825
-1.0,0.5069969121150204,-0.42597935775485474,0.02484719816673827
-1.0,1.0,-0.776045752713465,14.269722399006614
-0.15947327603575023,-0.14474149162819638,-0.09971119203041012,1.1561916230669342
-0.5776132315021827,-0.1078636910885793,0.3595830071496704,-1.0686217531357034
-1.0,0.3280250633453694,-0.7426242585112213,3.187918886800318
-1.0,-1.0,-0.4049067128960562,6.04496062737377
-0.0735969535352583,-0.5807146155245548,-0.09881897528650296,1.1959427377394973
-0.3806931659325927,0.381408412198889,-0.999018184875079,-3.253315388640866
-1.0,0.2677341122632926,-0.34991008821373604,-2.4723898441408223
0.1812690513284232,-1.0,-0.5489800316693538,-1.1793755637411993
0.6737577920588369,-0.6136461511190672,1.0,-3.108320369080892
-0.18463953624337837,0.35668866081005235,1.0,2.371158059147023
0.42476452616476323,0.21288448597350484,-0.5089435537218225,1.5381976805719613
-0.9734709708634373,-0.034161392993438566,-1.0,9.393635327557417
-0.07386999482449608,0.4897698012766827,1.0,3.545460456508387
-0.6465843835523302,-0.913572220738458,-0.7665672203806151,-0.3918034615690381
-1.0,0.0910761376813276,0.5258384051925604,-4.376872168481773
-1.0,0.9252325335604539,0.3110142713199062,0.6110962550471769
-0.25401450798305114,0.1145144858708167,0.6134983588948324,-0.2623647081419972
-0.3672352542259514,-0.026902682003534295,-0.410194140077351,0.95958148821528
0.6522720846502519,0.8345008679289208,0.33914587062206936,4.087121467307773
-0.5870985782313891,-0.9040857092253016,0.9634278082508079,0.4106199716136182
0.002156774720883492,0.17768811457820366,-0.04842763425408103,1.3633767575894211
0.667941965957199,1.0,0.2155671337206131,7.604674390445422
0.2869312587715047,-0.13099381246491237,-0.9379710865165412,-1.9903033365506557
-1.0,0.0037092120429644826,0.7577358173171742,-2.4785266894644864
0.633977710264203,-0.45916668964624274,-0.37282093498471247,1.3561169895008631
0.45620354279284103,1.0,-0.23818709696792362,9.42170886533723
0.9094491598852772,0.05624158118403089,-0.3739858580875053,2.94910345599378
0.26459103929330574,-0.2612648731335021,0.6350144357257823,0.5709250307678074
1.0,0.04231683367244954,-0.33587337288885233,5.223560992065032
-0.999777540151155,-1.0,0.8550483532926916,18.276455634770397
-1.0,-0.05794516770803915,0.547064930433208,-3.7995597741360356
0.3896837398448698,-1.0,0.613479872196373,-1.4074127187059169
-0.6471333472550427,0.1900853928975892,1.0,2.4315628052321947
1.0,-0.5601634506924824,0.26282044798120663,3.3292062373302564
-0.6939954458007007,-1.0,-0.043857699709969555,4.48542959389094
1.0,-1.0,0.6151510989401481,-5.789927645429591
0.15028672045870217,-1.0,-0.10358286227253344,2.1039077603092133
0.38683758926238276,-0.6940215313760374,-0.8345743613763223,-2.614858828077425
-0.18645108851918657,0.8782086508963194,0.03268483724476545,2.614573499348852
-0.7529001290200001,1.0,0.3195209416473541,3.2620526048159135
0.025550585396656222,-0.14366200745908975,-1.0,-3.406152034376005
-0.2198966444534154,0.5603036099631384,-0.29094467090688303,0.7781720532533886
-0.3780467399257055,0.36018794966687473,-0.9456350710904318,-2.3170102947381053
0.16056870319839822,-0.46545011977509687,-0.42514598474364584,1.3552953251907454
-0.13440104412098575,0.5555118920706867,0.8773944031917535,2.220610008334296
-0.7311902171219,-0.4111924815263519,-0.3795532488523006,0.5902992966098422
0.02057489438684823,0.08917171845072525,-0.516192489672807,0.9638354039467516
0.014184391209368652,-0.9625993885859863,0.13115184907190658,1.593084632826348
1.0,-0.1977260213857186,-0.36553912718128934,4.319281092806252
-0.4637489057736448,-0.02820394665566961,0.10866118033134309,-0.15147047035872524
-0.7920018406925939,-1.0,-0.8279133037764457,-0.42940904486110393
0.5306335664541524,-1.0,0.9593076834548522,-5.064072801907212
1.0,1.0,-0.42427832185917147,19.400905197160128
-0.8824716603541385,-0.8225861819319569,-0.8065908378991529,2.2053147181198205
0.9014696181939703,-0.5997810252882612,-0.43257506505748666,2.1570722242197675
-1.0,-1.0,-0.2062057208180279,7.422093657476892
-0.10748630030414597,0.11705771489401506,-0.3517588498659534,-0.6982630070684126
1.0,0.45372219955204707,0.2633730814669826,7.941078165862584
0.30682199182801173,0.008533536833217337,-0.17095528441708097,0.7706910046325188
0.5280734882227609,0.5484454701018326,-0.02116658993301357,1.0654279811663239
1.0,0.46020164486230386,1.0,21.65456994315183
-0.626134181658563,1.0,0.27564627591774626,4.5651375663486125
-1.0,-0.619323423135018,1.0,11.488971359524962
-1.0,0.5521253100114503,1.0,5.748693194668975
-1.0,-1.0,1.0,22.287832704460588
1.0,0.02799577158460398,1.0,12.171819080760025
0.8650358842391253,0.5141410221083869,-1.0,3.466506574178612
1.0,0.2509686300621523,1.0,17.360322905842505
1.0,0.41723720969979805,1.0,20.90723950718334
0.9244677669668042,-0.6091300478207675,-0.9033318327864759,0.44526971875183274
0.8627870242715638,0.4949745240168755,-0.6819513243335633,3.196260535018231
0.9630826689529237,0.08683043956517622,0.01804865422996227,4.539518356374321
-0.2638701928038003,-0.09668970968985957,-1.0,-2.7442870580155914
0.2903058578497604,-0.25168898682386165,-0.5964984713658288,1.0646926758941835
0.6344751864226146,0.16845197124792888,-0.6166083929088586,0.7299310887057555
-1.0,-0.4474997110783361,-0.3444276215343376,-1.1111332637279823
-0.10457356303094967,-0.6157551133200965,0.726646750818823,0.8875192575767938
1.0,-0.7541742678719738,-0.9972624422765337,-5.003022142061304
-0.17201877685047373,-0.7034344726065793,0.9352195694534327,-0.9247329742102185
0.0998358131151873,-1.0,1.0,-7.114604552806447
0.2382382756682,0.10260619340758659,0.3078444897715542,1.5714333932284805
0.6820933821203317,0.5594070111394323,0.8959984782607902,5.491687373467816
1.0,0.28124545099751463,-1.0,10.470078054956685
0.17338081098489244,-0.2864274641149871,-1.0,-3.8552368026467994
0.12640125496376076,0.7223559141221798,0.43605150609386323,1.9570562722678266
-0.03095263915549684,0.21601669351257646,-0.11049378413976396,0.48357411789692056
0.5353899018705357,-0.5635392564055164,-0.7084611231751576,-0.7328444928932812
0.7308473844021399,-0.729832941072416,0.9226409746539752,-2.0125631955855896
0.27463279211995406,-0.10849457193634748,1.0,-1.0033953150227768
-1.0,-0.5068816129738587,1.0,9.838393153024906
-0.7199334041526313,-0.7395636687888056,0.14489008241605705,2.999666882146327
-0.9912560086408635,1.0,-0.9819968643187984,19.27038459544858
-0.3333329361507744,-0.28328034816713266,0.6910395455458038,0.1774111700285065
-1.0,0.013674987893413926,-1.0,10.533678275061886
-0.7044148297683184,-0.5755658063303972,-1.0,-0.2860721069187146
0.32244155466291735,0.46146864212102146,-0.3654077758188501,1.2777657397623177
1.0,1.0,-0.03426716621207038,15.431627279898008
0.35923513177338195,-0.8597422859482438,-1.0,-13.728618709512816
-0.7390867249988136,1.0,-1.0,2.6250042727530714
0.12496531739035577,0.8179225465626803,1.0,7.575885913685924
-1.0,-1.0,1.0,22.9314442645803
-0.6113247449049992,0.1939926730032422,0.730670464374622,-0.680861975460978
0.007297187170541175,0.9696286732165063,0.47517086268673636,6.746540890084165
0.03938356929574671,-1.0,-0.21926255444528842,2.8089122323474096
-1.0,-0.41342587499815275,0.22131971420615182,-1.7206499278328469
0.7680816281867782,0.7674595446562407,-0.8496115701967775,3.3840643907610546
-0.791742967499915,1.0,-0.11049651765664592,4.817756350795673
0.37282155613534673,-1.0,0.546519063540509,-0.12844757496391013
-1.0,-0.5027566490192295,1.0,9.347237407940446
-1.0,0.42206546407686396,0.736810739417793,-3.579275348990824
0.3459989942945896,-1.0,0.4938597012732182,0.6099089469942583
0.2414820985487356,-0.4260767729830979,0.01344470097345174,1.5232321822896289
0.08768343960742908,0.9668134190308528,0.07024130928404504,6.687696750281561
-0.5014169118573639,0.8823110380986461,-0.5912399235739658,0.85982313666524
0.15440447415569714,1.0,0.1362945105910207,7.270334165286951
-0.01400993107628734,-0.09781821120581613,-0.6233877350673858,0.7624259417240811
1.0,0.2055452692463211,-0.9406110937771293,10.19205113753532
-1.0,-1.0,-0.2305841137595095,6.654914463771597
0.5109037840989266,0.42140030588340904,-1.0,-2.7081574190581295
0.13991598816264372,-0.2384341084488406,1.0,-0.519305312589181
-1.0,-1.0,-0.2643307928587122,6.724728975233183
0.08141370109952017,-0.18643724938956407,0.37927544136819935,0.5422775114936982
-1.0,0.13923250658766984,0.04276142457873222,-4.6589629463995665
-0.5259686263079566,0.06443879962814036,0.6029975640999483,-0.7179846115262469
-1.0,-1.0,-1.0,2.4430692436374892
1.0,-1.0,0.6484445255175162,-6.4897326342458115
-1.0,0.8967135587225745,1.0,14.146771054881464
1.0,-0.6391258699337399,0.28450715510522673,2.7657528711426873
0.5753402933216618,-0.4387416224072802,-0.319896716273373,0.7727314349114338
-0.5045242805985135,-0.8852472603401189,-0.7128587270415494,-1.3627244322908463
0.2919865956568868,-1.0,1.0,-6.983666164106292
-0.7961479170092245,0.7521580055438579,0.7802513762859618,0.7982561773590342
-0.3403185326985483,0.4759941249437092,-1.0,-3.0031727496113905
0.9865131373682212,-0.13408562278390979,0.17639976948482716,4.933558360303238
-0.2786704729031453,-0.6470940944686607,0.04286246200193622,1.081467493814734
0.7449504074665483,0.6519256182817121,-0.6776883852511348,2.2738523562077755
-0.3172862906379037,1.0,-1.0,1.2957281479005556
0.6260687817024932,0.3627809205914192,-0.11318983827157525,0.6069972077568392
-0.09898888044447318,0.10333771410909698,-0.20085914353574386,-0.018218951056264032
1.0,-0.6538260460585812,-0.42042987981762936,3.2627643622498432
0.2944281955195096,-0.7295521424071085,0.19674194665847655,0.8365656046050722
-0.4466410816218045,0.32294751037093605,-0.49829500696099993,-1.5278789170247764
0.19434172251121407,0.2683415458625338,-1.0,-3.9284703489347996
0.2625034908253474,0.2662481244303794,0.7630380128884136,0.24647454181511308
0.09916784594570816,-1.0,0.5349156234243775,1.1811597484757685
-0.18850119935981335,1.0,0.20564427391522622,6.401899490530857
-0.7791493711398836,-0.7373123937458821,0.4262925858084803,2.8295325212067715
1.0,-1.0,0.9002373249543565,-7.139175346371447
-0.42336528704542875,-1.0,0.9388043219110147,-2.67047170725582
-0.9714674105366676,-0.5440381198466406,0.08406455352854869,0.24997282596673953
-0.0939901758689492,0.42259885116777074,-0.09578129474006292,-0.7513769978039248
0.6242342007834398,-0.37514778950420413,0.49683427383833556,1.4860495811603722
0.5386313031118755,0.00726950329911058,0.7409876927991115,0.9037904962953422
-0.1612207265594643,-0.05515514592209425,-0.16397197943954422,1.1343892325060954
0.22097545582893519,0.6148698253813902,-0.5445274402581224,0.4590322181507721
-0.4389083180312885,-0.12046673428976629,-0.02371198684812792,-0.05030156192699977
-0.6962960896112933,0.5187755934678544,-0.52451835497177,-1.3581252156961
0.89765691916854,-0.2751873428297924,1.0,3.6518296573424753
0.17865447815587854,-0.12259514240447933,0.9679900254411473,-0.41448754072401045
-0.968612502184143,0.6977506991754645,0.8505344476278169,0.5082442211092397
0.2449156260231693,0.5847649024603074,-0.4109278266148437,1.07907252462681
0.6130333317386196,-0.5436428111782023,0.8256196362587236,-0.10524751459515413
0.7987084956652548,0.3491304903169561,-0.17808315699750144,2.2289374210927972
0.6624655473225365,1.0,0.6969496720559651,8.066299768162597
1.0,1.0,0.45575128808440146,14.3708228438888
0.440252365281423,0.2934084346156145,-0.529152570923187,1.2999739105689803
-0.8381505816631016,0.017248969730930153,-0.4234503552099962,-1.269519186917402
0.586989169792681,0.46574435555668203,1.0,4.467965562470949
1.0,1.0,-0.9928238748996823,38.370577784586004
0.5930133963462254,0.15409940725882643,-0.3093611052983576,1.3391516769145844
1.0,0.42776506177455587,-0.017995142877679893,6.277217796250961
-0.013393634883013483,0.22199780433473726,-0.9971686107267552,-3.2244870244202395
-1.0,-0.015028703440287172,0.06175292114494524,-4.5574202446496
0.10828157603800403,-0.5452809491404755,1.0,-2.7588702760258146
-1.0,-0.6848929970050248,0.12266968684645296,1.177166053680642
-0.020152280819012436,-1.0,0.7609918707434531,-1.2924825372567526
-1.0,-0.9642308619210644,0.8505118942629728,17.212894782768114
-0.18282952086583992,0.6015824950660718,-0.23361904391117383,0.09413989935484247
1.0,-1.0,1.0,-8.763880131812984
-0.08246077586405698,-0.8078022414940829,-0.07464198787803267,1.8009562086823414
1.0,0.7258304678952092,-0.9818897622798328,16.323239334851856
-0.03089329303658439,0.4131380845790291,1.0,2.3600025910300606
-0.47309107393436767,0.3286443112033326,-1.0,-1.6383133181300609
0.03847490809715537,-1.0,-0.36063258232359474,0.9127695278534387
0.5843382848525112,-0.2412966904929421,-0.2103616232678991,2.2920852122906687
0.0972049403377171,0.06630840501532242,0.9688399936831986,0.8881543339916456
-0.031898720873093867,0.10493077221388858,0.7598842534412644,0.15401926441212271
0.6532515246114718,-0.8387459672691719,-1.0,-12.715405966593883
0.21967333533075628,-0.7033625517048936,-0.6033012533031423,0.22015904255998353
-1.0,-1.0,0.5416346557296032,12.75535370367841
0.4081947758706428,-0.48370096013071184,0.5168965246235009,0.864188728505602
0.1002171940703176,-0.23309069572530627,0.9703775564967634,-0.6886885132985302
-0.36670461326294235,-0.20236303544890788,0.020081803545676014,0.42410456902806093
1.0,0.060635207575686856,1.0,13.496914863855173
-0.361491920373757,1.0,0.7932787642263512,11.119806239330465
-0.4404646986026959,-0.43181636235668597,-0.5068803843075822,1.1540920804719343
0.6930611431674025,0.6917413454134531,0.9605033615657244,7.81676108723481
-0.5911454071799926,-0.03983250717936282,-1.0,0.45322113767309613
0.38776772616928157,0.0394133831311505,-0.4671957287540356,1.2783875589048932
0.2249526751019455,-0.8973521578978174,-1.0,-13.278172241501867
-0.9896615947232548,1.0,-1.0,20.205783517545825
0.5877843266785558,-0.8558619936791438,-0.14551655966620713,1.2146031525386232
0.3797266553519594,-1.0,1.0,-6.697833959725995
-0.4317437538465929,1.0,-0.0990720496995785,5.945596952829957
-0.3028611830362917,1.0,0.6283072262905074,8.379037966020174
-0.4273167203585546,0.4409416568655229,-1.0,-2.7785009840110937
-0.4776978459472485,-0.12831938460129955,-1.0,-1.4369238565816809
-0.42716763416097603,-0.5319886694979656,-0.6464777249471267,0.1197288393746595
-0.18553877256053197,-0.44866560996699634,0.45487002860791037,0.08170004052164115
-0.3587765117975694,0.7493778039863901,-0.8918510388254104,-2.783043156035569
-0.6356613798137036,0.6148944786057859,0.19669326267691556,-2.310204514195956
-1.0,-0.13337603059695669,0.9291140052271791,1.4186767944578185
-1.0,-1.0,-0.2958464000463039,5.379396956843942
-1.0,1.0,-1.0,21.36253720669652
-0.7268284652904564,-0.4708847255506974,0.21216482699045014,1.3511835493324764
0.880699624756601,0.5321397724580534,0.7097813840940059,7.402349513526024
-1.0,-1.0,-0.004637298555860259,7.169912560842914
0.9078511692561133,1.0,1.0,20.21014470421448
-0.5695372666074947,-0.6887199090411202,1.0,1.8015844557636587
0.8702020521928273,-0.503720415199943,-0.41401890945044806,2.0292145692534174
0.21870356188404738,0.7609036725185077,1.0,7.07803771099361
1.0,-0.49821802247298685,0.6575184690087534,5.2386926869162025
-0.5868628523596231,0.08862730737797597,0.4701204114746196,-0.8861257367655634
1.0,1.0,1.0,26.097426012661852
0.7760495092378443,-0.25802244823508436,-0.20335524859988952,1.8994824832243733
-1.0,0.50869879476634,0.18612656834581687,-4.791573187083128
0.9164674685000704,0.7490689164676376,-0.0700353285396258,5.416412350972701
-0.6197981864218158,-0.3576372722440555,-0.49825701219888874,0.7230882928968229
0.3278174542208121,0.35389538633191653,-1.0,-3.1002113451226894
-0.14736629653693356,0.7461568514988024,0.9755875381628882,5.57555908748902
-0.1788780279811344,-1.0,0.34835657578558754,2.395402203844853
-1.0,0.5080606144594226,0.9401235235461576,1.966152477106603
0.976366041035529,0.25782741749106686,0.053243201811358,5.48604246575072
0.6544151327062226,0.4586459332200592,-0.08221998712575274,1.4930228681160722
-0.07911194054317772,1.0,0.8555542785606642,10.534069000817528
0.7043204706450419,0.7948340391861819,0.11360676835597427,2.1010392732532877
-0.4650693610324854,0.05895374163712708,-0.19370497834383138,-0.4157398018114043
0.28801738171054514,-1.0,0.1709875907619749,1.2509807681038756
-0.9627097987913911,-1.0,0.04117768980067371,7.953303777847545
-0.08585012304775641,-0.5727908151542327,-0.10938264089297633,0.9697489799219385
0.37534306591506184,-1.0,0.17078863246424603,0.8344906092922023
-0.4532416803247654,-0.09052762408371517,-0.19927652597741896,-0.6461664513019963
-0.6801578442705207,-0.36015894306390894,1.0,2.8116613951807117
1.0,-1.0,0.13394658729517017,-8.306849167509379
-1.0,-1.0,0.7452218197918974,16.83105661403691
-0.0009775241953589031,0.11914224579235078,-0.03813536683354646,-0.23188814328152496
-0.019325517117032343,0.5475700368862879,-0.5897925664797503,-0.1306520182798242
-0.7718529988819305,0.4154013745088816,0.10608086001783401,-2.6895493417658387
0.5152305552640704,-0.5162292210504411,0.08108832838259428,0.7198702499053249
-0.3590409099098846,-0.10517936461071242,-1.0,-1.836826119967485
1.0,-0.8694961536130374,0.1861509752499082,-1.6000025253465402
-1.0,0.07492989080673818,-0.9918009754968717,11.118720826131659
1.0,0.6608505907545072,0.13917702232206852,8.390372583171205
-0.7898543105163105,-0.33666155136665443,0.1312448443569778,-0.8401824455911835
0.04000649636229636,0.09257887647910712,0.5584185281861589,0.7388698558197488
-1.0,-0.7088249440734136,-1.0,4.876956084422005
0.497087682209554,1.0,-1.0,6.864704311741702
-0.07896848511048993,-0.006963898612350139,0.08785397842820886,0.21143848585369288
-0.11717933689361937,-0.5975392473984542,1.0,-0.6689034840920427
-1.0,-0.5249788758842846,0.040562709481036796,-1.0201925222679469
0.04271639933032523,-1.0,-0.2264933427718574,1.5032700469270925
1.0,0.4677697017662428,0.3745769679707647,8.502381879244405
-0.13752234153186005,-0.6265413790452827,-0.71522939047699,-0.47334000669157605
0.34361439401992944,-1.0,-0.20741128992974334,0.79518287924438
1.0,0.5676474405966481,-1.0,13.863819999926665
0.3255385352841824,-0.3544557110145381,-0.90038785873762,-1.2532719484613817
-0.5115041291020415,-0.9456978155713378,0.09272338793369928,2.9584822530404065
-1.0,0.09239112639833635,-0.5991048078028904,-0.51303433500241
-0.6342911209075359,-0.881276801982348,-1.0,-4.9957229059721815
0.06977049516646305,0.12178178418546204,-0.06175428207401201,1.0832236533554815
0.543872245415904,-0.13672582768197628,-0.5814392001562068,1.5762173290869868
1.0,0.5202879875732727,-1.0,12.437698267757888
-0.9248380966034511,-0.6054660548989195,-0.8199752972500995,2.7687816736960387
0.6159480773797703,-0.8052086310221431,0.9772390664458726,-4.103714563577308
-1.0,1.0,0.9845682144417878,15.308175879790548
-1.0,0.8529397505952898,0.2737259604334532,-0.4740515142957512
1.0,1.0,0.026839339361670156,13.650339345275839
0.716046863538037,0.9687178454220156,0.5652420213320373,7.227709973253901
-0.007592293228722902,1.0,-0.3124828690316781,9.254508789640292
-0.3909270314864286,-0.3173527670454468,1.0,1.373022161679473
0.18752475411323943,-1.0,-0.3734805409867221,1.0818499539534958
-1.0,-0.22686318114603332,0.9179139736012853,2.599605577458831
-0.21072210595225793,0.09327344936733506,-0.47290736324828275,0.21341303500585235
-0.9309762980443246,0.6620972866706589,0.17539741582778157,-2.6220620818918796
-0.03449384684155277,0.18779291508604756,0.18953746178374886,-0.12203245870537804
-1.0,-0.1575106542525333,-1.0,9.158511373442833
1.0,0.7208850195099572,-0.08819574009744446,6.846481070679201
0.4649138158578776,0.013087157993237009,-0.2791787037842608,1.309176556935813
-0.742470859749035,-0.23487408944202137,0.4294700209311797,0.4043720758342564
-1.0,0.864360940513762,-1.0,20.630972453009274
-0.7092900846634602,-0.6271652087032231,0.24641811362733912,1.1873937395026228
-1.0,-0.45264266782548046,-0.440553701462425,-1.067801437945506
-1.0,-0.7948140536309412,0.6378232864328091,7.591130843608109
-0.30650392370235324,0.4592600963582083,0.023515514959113526,0.2626653411780563
-0.10211701443420407,0.3334505488029176,-0.35990111357430776,0.1753212296065394
0.1562253359394732,0.13656170131056666,-0.13323563911887892,0.7079138928876607
0.6693838572840178,-0.5101694885250536,0.8879204167030419,-0.7360013790199225
1.0,1.0,-0.5707145355886944,22.56752028419485
-0.2473644394325365,-1.0,1.0,-6.358794012315842
-0.07041013440409838,-1.0,1.0,-7.321073167758683
0.10619286286277774,-1.0,0.34664505115432553,1.9779919445246126
-1.0,0.5207888007737775,-0.37101596436383644,-0.7992537995323868
-0.20372255733711064,-1.0,-0.16931718395802453,3.4423012619875735
1.0,-0.47945925405256085,-0.46369554701288407,4.203591306525448
0.27704482946402176,0.032134938319212214,-1.0,-3.1441512632433453
-0.5924112518928322,-0.6290105547870748,-1.0,-3.022368509338218
0.056309343028681846,-0.05983250642837712,0.1430197365837762,0.1822605016008998
0.5843385643614594,0.10153103280217057,1.0,1.33560790940206
-0.03569929220732182,0.003914113159867005,-0.555202651569819,0.6185317220903385
0.9098627475113887,0.025830623525048946,-0.2999982775511125,2.3945507171556595
0.44736134375100445,-0.1295888629573565,-0.598549485564331,1.2537986975218043
-0.5258434321335093,0.46608893787938155,-0.2736186399091174,-1.1205187266068555
1.0,-0.9113913064345829,-0.8545081130861052,-8.622266901466492
1.0,0.21359166443320388,0.12599060669276518,5.303846940495007
-0.7799408508159553,0.8640235783273025,1.0,11.80856179253505
0.5592509246849409,0.37260327465539933,-0.1295766072818132,1.0618424099086792
-0.03593822660432622,1.0,-0.04266177230047252,8.854610599631167
-0.22113841465859263,1.0,-1.0,2.693877400705592
0.5783490465366383,-0.12561814154126938,-0.30909687454728285,1.7561843245268756
-0.20924238885422253,1.0,-0.03135342052259649,7.941795756334081
0.023223799535819767,0.7876174131397473,-0.9925060014771052,-3.2967985730118228
-0.15051283488643907,-0.05906224854936104,0.3589370829194052,0.4750733159864327
-0.8111499880174966,0.10748296054933748,-0.2438835568831108,-1.296871808842977
-1.0,-1.0,0.8612491644534315,18.487075946670807
-0.31728204136535565,0.0952192940722103,0.2555020786326869,0.22884277870464487
1.0,-0.4286894250700275,-1.0,2.866625205619792
0.023989080248274286,-1.0,0.13412807982210317,2.019105616882848
0.31887648586407313,0.44269522333963773,1.0,2.732977932409135
0.22441720902356388,0.1058427127615078,0.013056226487421219,0.9240069001118804
1.0,1.0,-0.298353997420316,16.552018879320947
0.6451231046077144,-0.9524437938145758,-0.7943261549580745,-8.282025780086862
0.02170955318559664,0.4285810234283245,0.5540790247772409,0.31391497491885967
-0.9642113030405013,-0.8015766723852997,1.0,14.232631736645407
1.0,-0.4366633296702953,-0.29662583538963494,4.518576320738141
-0.47609524986250107,-1.0,-1.0,-12.065255109444598
0.7332777099824555,-0.8667752647380655,0.5430363261499553,-0.5582240521833974
0.007615593969384049,-0.6591257920011147,1.0,-2.000095894368214
-0.27475558741230643,0.3268163091764127,0.37370190082583243,-0.4253069434276277
-0.519921412556182,-0.2750629199909964,-0.24714957511395075,0.10685105350013413
1.0,-0.9639050434632461,-0.09949825091101072,-5.420253374996874
-0.5887664053869313,-1.0,-0.9934995550613532,-9.824835357192958
0.3734567215299871,1.0,-0.39993632690268854,10.806483710225368
-0.401064666826094,0.38295825142117,-0.33566074078407526,-0.36900425838975215
0.16444216692442826,-0.35954481438357755,-0.3431156083309652,1.0432189886132721
1.0,1.0,0.39325107050069974,12.778402734087951
0.4085419494620919,-0.2686883336796162,-0.7541472615482874,1.043788349160046
-0.1851143416736205,-0.05241284812989222,-1.0,-2.1006636964428393
-0.651564342434743,0.8098049589329215,1.0,10.57146246638668
-0.1946535138336467,-1.0,-0.514575963521779,0.7442209852338245
-1.0,0.1994278134708085,0.06323322378921725,-5.392351965141357
0.21786783070611926,0.5189705717933861,0.4914845833224699,0.9608465700723176
1.0,0.5896980965166074,1.0,23.989680051066347
-0.10060044297466053,1.0,1.0,13.180865899560414
0.6061751910473485,-0.6185280618460043,-0.6232775506428487,0.46747648992936275
-1.0,0.9827514209432553,0.8218719482812586,3.8172902491469527
0.8947834697043988,0.06505849713288137,-1.0,3.2352534199209737
-0.2962219472776584,0.12013930158673336,0.24910955905834364,-0.9741763129102269
1.0,0.22899033350419984,0.31490184468725024,6.176199042895231
0.7368358030878845,0.7702178373249977,-1.0,1.7879384662790003
-0.1393451574443143,-1.0,-0.7447394496204311,-4.816623194238771
-1.0,1.0,-0.0170305397353534,8.26075638591045
0.20597384174336808,-0.3869776857725469,1.0,-2.0813434238275845
-1.0,-0.7421961243478301,0.37183159926041154,4.120407424619114
-0.6796669570742508,-0.02736599605863832,1.0,2.2935681699748542
0.55523586545081,0.24558780405462177,0.8302463667924562,1.4701604059971594
1.0,-0.14533617630872797,0.4918389917299224,6.511331787096815
-1.0,-0.1332384805674487,0.36745985113036195,-2.906532638847934
-0.6115953520523378,-0.6835527655005667,-0.1025371998212461,1.8742755332978074
0.3714282925100214,-0.5613565008810133,0.4621399475274883,0.3310992963033726
0.7619469603059483,0.4249369709151991,-0.3955402184189458,1.5755109023203273
-1.0,-0.24659225391892536,0.26178094223738935,-2.935026804511404
-0.2562210546001742,0.7816583574748122,-0.3047789354009576,0.9958500796279617
0.2077980827444137,1.0,0.46606552838797843,7.884452270678801
-0.9141201889399382,0.052586103814626695,0.5448888808567249,-2.9302049770015683
-0.8139805042427459,0.6327034568279097,-0.0029595584994088764,-3.2643070732738466
-0.7607030344608405,0.3629851920318403,-0.4403327407641078,-1.8596682075601008
-0.7706129981358958,1.0,1.0,16.378894856049808
-0.6249266096984192,-0.4597902661113502,0.773316074347923,1.675464044326971
-0.5677690101395405,1.0,0.20986849097405358,4.557910341905265
0.10938264432857636,-0.05205043688194588,0.17345768383667082,0.25397587334070315
0.1246566557696922,1.0,1.0,11.141183828264294
0.09399268819137019,0.26127307420871326,-1.0,-3.336736116909825
-1.0,-0.4597904251018752,-0.32905944696582745,-2.135946782702472
-0.36023543601380514,-0.33859604068600313,0.7475891727501878,0.31578304957668724
0.1351434499166171,-0.24722596382147377,0.23668653760540304,0.6721736440175456
-1.0,0.6229110380398317,-0.23829039122094975,-1.0389218232883173
0.7420717382529138,0.003745087284309223,-0.2526694149347182,1.7733799332592195
-1.0,0.7864157247450803,-0.293412031909581,2.924877058557622
0.5822641590713571,1.0,-0.5463093008369526,11.007576328803468
-0.7353139975240668,-0.047790772226913525,0.6521478807669243,-0.02778086474500674
-1.0,0.012119903256434528,-0.8666784678044477,5.2400657614170685
-1.0,-0.45416730783511405,-1.0,6.493323970223511
-0.8641074050047297,-1.0,0.010621668576666465,7.196107360212888
-1.0,-0.6779410143156832,0.03592591761523978,1.187352422057026
-0.7150847636731441,-0.6839339902118273,-0.45807226014895375,1.8994535237994006
-0.48651538832199703,0.47733148070774645,0.1857121988317585,-1.1815946969744247
-1.0,-0.36129302557212206,0.5386192214895182,-1.4616877937419361
1.0,1.0,-0.963534596406664,36.99369933784493
-0.5159813388693195,-0.18980470888705647,-0.41081819841823686,-0.13880006271045564
-0.9238054640345621,-0.6089455124769645,-0.8485910628139355,2.224832173024561
1.0,1.0,-1.0,37.99067739778192
1.0,-0.49155948607933886,-0.37791949326661656,4.49477043463267
-0.1161667197312295,-0.03608575596627728,-1.0,-3.7537060182750612
-1.0,0.25194077862845776,-0.8081816011970062,5.5717687250508945
-1.0,-1.0,1.0,22.545010394668356
-1.0,0.5581595286133794,0.01148081912443688,-2.9228336817581857
0.6063768187001095,-1.0,0.9031162551301637,-4.714912234688461
0.16388787292463847,-0.052392174184996865,-0.6506232561929854,0.8129155630787218
-0.34542382082396084,-0.1117468377737294,-0.964798140114459,-1.6904145956186931
-0.8380713921422496,0.2268361281467035,0.5513143801633236,-2.970276163711773
0.3797516366354905,0.09505199344005111,0.199401661547721,1.8978572501132638
0.7353058510006232,-0.34611871115604,0.48724288438157193,2.9700852148472783
0.2676319328675101,-0.02296076395218316,0.032381407827312136,1.0710248134250755
0.8415087483843053,0.0864983734277156,-1.0,2.3226516058437277
0.6708435905770276,0.4021606069832757,0.17603710464624345,1.8824321920835436
-0.01840201037434852,-0.4009058946662605,0.9724958062899984,-0.5850838451416969
-0.23081832068050745,-1.0,-1.0,-14.930832133148947
1.0,-0.5086261602058231,1.0,5.110015350753089
0.05359076672305041,-0.7782995790015261,0.9954501894115411,-2.69605872447036
-0.1787806710174702,0.26323883824620586,-0.5504793452118129,0.26352422623240473
-1.0,1.0,-1.0,21.314097484446375
-0.6001420612707624,-1.0,0.5366678731989669,3.0341612705159213
-0.3629080078551137,-0.6138001511321942,-0.04829952901958334,1.1654958177503554
0.22564929204296313,1.0,0.7266026492425681,9.355175626128107
0.4649808688780379,-0.16141607755792808,-0.7051708045241165,0.4215452880537385
0.8255764414217945,-0.38974257237679155,-1.0,-2.8649967526353253
-0.03397627293367922,0.9076938653533382,0.18852876236052363,3.850361936439003
0.34785364367261495,-0.2393450630254299,-0.5920270187332481,1.2094828383236573
0.12055734648635319,-0.7035098950862755,1.0,-2.155844009831733
0.7900186804465203,1.0,0.8761381298765138,12.1256450344493
0.24573661061188856,-0.18365334186199056,-0.017217088842164552,1.5935257965130631
0.011342846026927367,-0.1482925312308374,-0.8791479993652469,-0.24877353130334878
0.7775344615257465,1.0,-0.18628067744868426,9.796626628207015
0.8664581580957553,0.3815734583357644,-0.47370150381986154,2.4346285296218344
0.021482200279169694,-0.41662550977734814,0.4994646466770494,0.6079210508009523
0.6236563211559505,-0.7723320780729759,0.3013986583232233,0.2531500791597113
-0.21971637106512842,1.0,0.5148950195475737,7.860554033986067
-0.0746870835726936,-1.0,0.7177402820565741,-1.2382722020714159
-0.9246744772996929,0.1748723183264893,-0.11783541598317337,-3.5273310667636837
-0.5665983325472845,1.0,0.10829861512773187,5.378311964649405
0.5159986925579307,-1.0,-0.03417517553657645,-0.3360426645832181
-1.0,-0.7020899600479003,-0.5200986853299117,1.1575866551869938
0.33569021629356355,1.0,-0.1668166284183854,8.434999819521046
0.6585824934382718,-0.5612019945060678,0.7942499090234159,0.3017053604395068
-0.9029667265910404,0.24020147169504336,-0.18671049857058608,-3.272854570596749
1.0,0.7232295796315269,-1.0,17.490373057422804
0.21482589914272054,0.15122724885733918,0.8781389959371702,-0.07375549715226278
-1.0,-1.0,-0.5676188712987635,4.989121772573158
-0.08780127271858862,-0.9726371289573812,0.09521952585863458,2.2647978365903922
-1.0,0.49704671286963165,-0.017097714351267168,-3.25525893309377
0.8808396508455432,1.0,-0.1935030007048295,12.249572330080309
0.32463762549226716,1.0,-0.47474553967585953,10.697326716204744
1.0,-0.7716023407738151,0.5795766801793061,1.0887272578456826
-0.290162150031108,0.8982420701067553,0.0804372144793859,2.3884912251674995
-0.20627577959353927,0.35688943375635374,0.2803945337241154,0.13050162121098607
0.5556504222599954,-0.947470077525677,-0.3530110818500407,-0.3038621438919847
0.6677578839235816,-0.24774223163716047,-0.6736158251190936,1.623690665179003
-1.0,0.5049441953663738,-0.18913707025519977,-1.5448129217386082
-0.5152532922632318,-1.0,0.6543118760542037,2.4246710047780913
-0.6764908767967519,0.2924196524191216,1.0,2.9478975109997965
-0.5884047875800174,0.725745324119174,0.7265717344031699,0.8566092187037745
0.6399094335011475,-0.3091763993996388,-0.9821152233632573,-3.378360783601445
0.9488553673794751,0.6696079176870704,-0.9878198958822515,11.231459392834163
-0.29883664350939587,-0.10071642687355231,-0.1604200364480446,0.3031631291225263
1.0,0.190701950035022,0.5096997699162933,8.518437330799488
-0.8586446531037735,1.0,0.539590226500974,2.8897872177034607
-0.47236711267656584,-0.12420040146410272,0.4000122326133775,-0.36083608516916765
1.0,-0.5451366944423723,-1.0,0.8113467243527331
-0.574697698976008,0.6789755266234136,-0.1952402300722329,-1.3433643584532395
-0.660928721026504,0.1294285130113253,0.815213743312488,0.765895855742172
-0.6553866367760917,-1.0,-1.0,-7.788954348492
-0.06473245881282463,-1.0,-1.0,-17.164404698255133
-0.7897780934010008,0.10113884226130909,-1.0,4.509509112038687
0.08357657001422458,-0.7493823555204095,1.0,-3.1001713555070283
1.0,0.0031080965487448875,-0.0747110570239582,4.811053439243829
-0.31626897053569336,0.37424894261689157,-1.0,-3.2406209041321348
-1.0,0.22387848750039274,0.143937398110219,-4.9450891651772775
0.5926908228613772,-0.5745512585849815,0.9618713938618668,-2.3784511198385125
0.77126277025569,-1.0,1.0,-6.8157301176140255
1.0,1.0,1.0,26.524086851560806
1.0,0.21899030575612977,-0.7992595310471531,7.928013647800629
-0.45934559687032395,0.4714079408835756,-1.0,-2.703861277070617
0.11461107035328388,-1.0,-0.39566801730447887,0.5852153487969324
1.0,-0.6430851717738191,-0.11055408250820786,2.788003257648169
0.8671148600618435,-0.43679956609356374,-1.0,-2.7574380980651467
-0.17558183647334658,1.0,0.6607994678723133,9.129768512480966
-0.0280482355658338,0.12270947715922964,0.04641646190283644,0.8109506015790898
-0.94402983034042,-0.9338231140387836,0.04822236677064251,6.307569656783992
-0.08828616343669426,0.4107222063639948,-0.08625330199026315,-0.028703798730891503
0.813183564008467,-0.9346518734433351,1.0,-5.554555747204166
-0.46261618487628264,1.0,-0.5722021883826538,6.271138123897955
-0.38727728548011564,1.0,0.7685422173745216,9.343506219718188
-1.0,-0.038493839071892744,1.0,4.648430279437116
-0.4329140560393534,-1.0,0.6713560722622474,0.6506697175045315
1.0,-1.0,-0.6549653885103504,-12.976512826398183
1.0,0.8238011522815643,-0.8974478722587942,17.403450787989335
-0.433790153292849,-0.46621432828587195,-0.3413928091117895,0.9707610453230611
0.46728287324412143,0.15522744596188365,0.2808821923820264,1.2894817304188955
-1.0,0.5061669730170468,0.7850374027416016,-2.2317199403077725
-1.0,-1.0,-0.3400184475364325,6.111729148186267
-0.4489158391940926,-1.0,-0.714997623772383,-3.3992738449528637
0.15067210323651725,0.4463469830500566,0.5101756756573086,1.2097303333502067
-0.8893681132055922,-0.2855250836635088,-0.6025476235215557,-0.03186273890411029
0.9539149103065405,-1.0,1.0,-9.33296636093421
-0.4397408210061988,1.0,0.6637983140158961,8.8855358750485
-1.0,1.0,0.7390332724360276,2.0184544019353616
-0.4841325717403431,-0.43091021828689535,-0.13405993814808292,1.4698197317742452
-0.6323079227635042,0.6045793467915972,0.7153351649258171,-0.33595248166928
0.8093455708531843,0.2602123808319734,-0.6977590460257548,3.03484314515546
-1.0,-0.18469425712424425,0.3414173017423836,-2.817395345356733
0.5927800605460853,-0.9921086701614288,1.0,-6.915605649396703
-0.3393823734901025,-1.0,-0.41451606482411707,2.2481002003330723
1.0,-0.6082413531092046,0.28690469091065385,3.5808774652278017
-0.7207835641879581,1.0,-0.19713333373352726,4.117497032595338
0.9475222861274248,-0.39883293278880827,1.0,3.690157143767883
-0.9661718800604726,-0.3296327167331854,0.8415913935923984,1.8787004345139584
1.0,-0.6948830642754111,-1.0,-3.2781045196712504
-0.4681921500741364,-1.0,-0.06045187920206141,3.9149472230448077
0.015595137322907515,-0.07866581640355741,1.0,-0.48160522284479423
-0.03516010252388169,0.8521662499179488,-0.6809810981793132,2.589741547590665
0.4164926102819775,-0.3388385445135236,-0.18131707265793562,1.1526770870914353
0.7752949704934762,-0.7740118699213532,1.0,-3.5180714332843586
0.26188671860487656,-1.0,0.890137336094869,-4.710686221829362
0.05522600614471629,0.946522458072403,-0.2856736683348906,6.051967824348118
-1.0,-0.9414518393258515,-0.6880541404017182,3.1428990649440176
-0.32452548930145353,0.017401945682809172,-0.32599111837703454,1.3532496588888336
1.0,1.0,-0.2944822483525398,16.62408517875411
1.0,0.0014175224541814746,0.735696384769871,8.44088018900666
-0.7709891077028468,1.0,0.9774957949612333,14.6899452170236
0.0028417814131993513,-0.7903097640593135,0.7100378808908536,-0.25977933139132736
-1.0,-0.19050664132866713,-0.7224161376838678,-0.6275099366486935
0.8100344328034306,-0.7000313079435334,1.0,-2.316697384464982
-1.0,0.7437291276544928,-0.27940275212436827,1.5256522209051449
0.9941121032562161,0.2570929061570528,-0.055262049436268335,4.598861924803966
-0.8174057469522189,0.003696104907008557,-0.09689099724177419,-1.528891689324327
0.3673845532363591,-0.5297038034379276,0.6552290437149197,0.21572656469209062
-1.0,-0.0536998902209731,1.0,3.821854429241925
-0.391755762302634,0.6597995403235286,0.17310913010984152,-0.5628607916542574
1.0,0.5309954366681131,-1.0,12.859542557160527
1.0,-0.761985742970664,-1.0,-5.214970108202323
-0.40391227771901117,0.918076968023648,-1.0,-1.5752964533547562
-0.8197201266688494,0.8894630863367352,0.4240370726268319,-0.5858357637916031
0.7530821497454221,-0.5928872913060079,-0.13848129118032837,1.2391715393941167
-0.4395290731601518,-1.0,-0.7889423877977926,-4.934815915230227
-0.3269221923264378,0.5950415668632785,-0.057336086544983456,-0.3222578847411654
-0.21639899245301653,1.0,0.3625745994474161,7.3638554425812215
-1.0,0.9263309525590688,-0.29902376043203716,7.227477838259914
-0.010822944948170266,-0.30796004883531114,-0.3428973792183523,0.7990458806898695
-1.0,1.0,0.5560672092958843,0.8685339412653929
0.8241452750250875,0.455280947225162,1.0,11.29350944749029
1.0,0.49999121012577596,0.31700019567953586,7.725838398147994
0.6005650161969311,1.0,0.9307576701740783,9.284887254314196
0.5638840760557378,0.35620212053003497,-0.2189955045217118,0.9481422448167568
-0.37161393934156517,-0.45538281336494846,0.6543377320361161,1.5058388421398279
-0.3818482322714558,0.5918458908416926,1.0,5.501693010169842
0.10849888620281822,-0.7462466559627616,-0.43740824835679093,0.9812931631537445
-0.04044812490146743,-0.8768501774600044,0.9625139896468029,-3.330712069488254
-1.0,-0.3167808880381382,-0.5107489897586164,-1.6273886081514335
-0.24321234699760153,1.0,-0.07168099425348595,7.082924897083866
-1.0,-1.0,0.9891840890196741,21.190643038888858
0.41348843132698887,0.07270738457286141,-1.0,-3.263840838749087
-1.0,-1.0,0.5449497007386155,13.787583842276822
0.6532401398222643,0.4299021414931785,-1.0,-1.4678411939127654
-1.0,0.1629704400983374,1.0,3.8502163498420283
-0.46841248625857834,0.052439162766381386,0.14119331061767015,-1.334782966046652
0.42460181477742753,0.0794702943213823,-0.3606050146736257,1.1305887341609684
-0.7020155263651298,-0.6666490151480631,-0.313455986568713,2.2244006068415354
-1.0,-0.8344117401172202,-0.974434522990693,4.203656524928039
0.030855600755846257,-0.5836821092229838,-0.7569490178015195,-0.7384425050636125
-0.6727578177766411,0.028463700207457254,0.07620835473133858,-0.6552903273386087
0.5766903597840927,0.8003016724480092,0.3050624565754072,3.5759537014580047
0.904345465484538,1.0,-0.8030918101836668,22.38879144481172
0.2185046319598738,0.30720845668115815,-1.0,-2.0746432243314668
0.46852645330716935,0.04570399566335537,0.7025721481878529,0.4138041852054372
1.0,0.2397932344913889,-0.6265346520765231,5.214730403371916
-0.9467170335978106,0.8619271304742671,-0.5421426617150162,3.510629691917209
-0.7803189604335683,-0.3667595554214427,0.6102388365055549,-0.03042500693792527
1.0,-0.15562593143015602,-0.755356107737639,6.753267848299596
-0.14638381051057148,1.0,0.41389317008455273,7.029993892196068
-0.7015616056530054,0.2726858183726333,0.16452203163321988,-2.06219971902264
0.9192969542442528,0.7732297733398568,0.8955117666036594,16.57746832454201
-0.1217789622883092,-0.5527712691594284,1.0,-0.938486233594487
1.0,0.13096920394312717,1.0,14.739219237309646
0.06631877685224707,-1.0,-1.0,-17.352141027940796
0.3870266282209549,0.9279317322574183,-0.613857194324456,7.2470269155926355
-0.6371841607932012,-0.34500854554010774,-0.3657408257880981,0.6553816734717195
1.0,-0.005601199706768645,-0.34552545031738013,4.541375764830431
-0.6193221066358021,0.4241646627330524,0.36014970680154534,-2.6320317067863623
0.6834740527588474,-0.20350995076266987,-1.0,-3.157090971670689
1.0,0.14968821288893075,-0.33008383013154274,4.806435205599809
-0.7730745302334086,0.2731973443782423,0.153185931599088,-2.7176484784460784
-0.6211450284150795,0.5837968176762101,-0.038959106601309745,-2.9465885564087366
-1.0,1.0,-1.0,22.118126042627683
0.6506910555241618,0.019135317665053497,-1.0,-2.381925029029067
-0.6390473223292392,-1.0,-0.6296375472064324,0.7214760741576147
1.0,0.04082498910305343,-1.0,8.661458464516564
-0.043040125053843914,0.31235624878346013,0.8410437585598587,0.07948500405638464
0.7317827641312173,-0.36514857598631734,-0.4961821828437969,1.440101239829969
0.6826531030793968,0.5648165107369467,-1.0,-0.4872467622476788
-1.0,0.8857075768566609,0.09587496454983513,2.6015361898591713
0.25876957734461103,1.0,-1.0,4.926417739514467
-0.4763687099224616,-0.9750108690689572,1.0,-2.839614642991227
-1.0,0.4669642329164989,1.0,3.803230176653927
-0.0339065607098763,-0.410037458067785,0.05828734581235917,1.411694298538715
0.7538576823585079,0.5403922368295899,-0.16301551041483808,1.4045965540466083
-0.5198958880488405,0.9990844936851031,0.9214399441637564,12.669625348619855
0.05313368465550705,-0.04839801873335969,-0.8565375393034254,0.10601981169091235
-0.5418441345903946,-0.3512297227356358,1.0,1.2740988855383824
-1.0,1.0,1.0,17.892236019120144
-0.8393583176105175,0.7561046985814466,1.0,8.692434141864071
0.455462157826489,-0.05620461079596484,-0.49739303863020323,1.6612594004313868
-1.0,0.6576629735132462,-0.5349824242029606,2.867528487893091
1.0,1.0,-0.1093288476061609,14.585322035184047
1.0,-0.05515007014635409,0.5113164920936926,6.514108953552492
0.0170629486370395,-1.0,-1.0,-16.574344299006928
-1.0,0.4794113918497278,0.10539404356099258,-2.5276126245647594
0.11130669972180218,0.045024901429378206,0.2830974635737593,0.648569222550735
-0.7703822015250232,-0.34707857463809666,0.08813342583744133,-0.46220036531543707
0.4990863797318261,1.0,-0.9235627798750752,10.27436142708602
-1.0,-1.0,-0.590348469155431,4.411408068549175
-0.9171488939144439,1.0,-0.1097027965064501,6.455729471278673
0.3021492188971244,1.0,-0.7626829296256654,10.328002195448013
0.6422253349191631,-0.1890005436367359,0.23457787404543762,1.2477314929290468
-0.7233277060699341,-0.1649268932206327,-1.0,3.104657929838951
1.0,-0.44674078339054035,0.60745889758381,5.651885307534126
-0.34281219436244137,-0.8039897068046997,0.8523616972197301,0.10484824527663414
0.40197597696414156,0.9587495409423599,-0.7124086565850909,8.575713881924385
0.6506170192538889,-0.8197635114067578,-0.35257894364205966,1.3200208173320913
1.0,1.0,-0.5822470759871785,22.198653009143793
0.7711858139460506,0.24914281790368875,-0.09390305819959788,2.339033231498009
1.0,0.4548745985921274,0.28760674888629434,7.707708571427887
0.15540600461661458,-0.14831856383620834,1.0,-0.917823564865451
-0.15782928017538178,0.9852317881163015,0.024168664198206846,6.033425430334026
-0.833120914369452,-1.0,-1.0,-2.24050901807237
-0.10543178654217034,1.0,-0.17452700429879808,7.906300514632327
-0.6418719052435589,-0.27847584154452254,0.39383782208922535,-0.6797912884726436
-0.6570531434656173,-0.060475857657773746,-1.0,1.3775087730248368
0.8668492315374658,-1.0,-0.49413786825073713,-7.563065667721789
-0.6247500953518192,-0.06718464839564242,-1.0,1.1214433630238934
0.33915992055521804,-0.6779684751989081,-1.0,-8.376787911458422
0.05198486349124498,0.02977481990616182,0.6625100163479307,-0.04873881734298022
0.9142577454626881,0.930672685542417,0.9608392492744369,18.829854350357113
-0.22430840849149036,-0.23196960450710402,1.0,0.25115429836425257
-0.5301295247716178,-0.9561500937072251,-0.8868245894100255,-4.590757535755722
1.0,-0.5880844848891129,1.0,2.8895640297106056
0.5107779324818071,1.0,-1.0,7.096509794957655
0.7962833220381753,-0.18483738926763782,0.18374342349731498,1.4975293299872017
0.581256602069744,-1.0,1.0,-6.924409980267491
0.10735177572742693,-1.0,1.0,-8.000560773776169
-1.0,1.0,0.4371030116291863,2.219283323617837
-0.04392994820297491,-0.6566057149220506,1.0,-2.1555702645559323
-0.07692336169307779,0.572897910593203,-0.42457894853576295,0.222095760451479
0.49412076069245425,-0.5082513558958521,-0.13787876005171396,1.5758286315872605
-1.0,0.32621875085968544,0.37075115774903167,-4.631361385320289
-1.0,-0.3211761596979854,-0.8526692377423428,3.06172512587481
-0.4495051326922195,0.9041903915725304,0.29439713169131365,2.514204614202989
0.387494135195934,1.0,-0.8475039552390333,10.51867568095413
-1.0,0.6436813715227054,0.8229729835558686,-1.324955358910704
1.0,0.607138543795009,-0.5832020707885128,5.4864539052392844
1.0,1.0,-0.8631404595563006,32.914759539698935
-0.3180572315025436,1.0,-0.8533339346054274,4.841709908070531
0.6079301068855991,0.09438886060288287,0.7337986778903798,0.4777066327108297
-0.29940504758898334,-0.15294088926699834,0.7791749126195326,-0.3482920220350157
0.49452800401813657,-0.15844316873181263,-0.8476415816745995,0.375116194892096
1.0,-0.7277808991657648,-1.0,-3.1800003351692476
-0.055075062994702995,0.5361340666502137,-0.5149850179494204,-0.49522432764652846
0.05871298280495618,-1.0,-0.29925561605124895,1.1060851916161942
1.0,-0.6761521837544671,-0.7287296050854335,3.356400670968257
0.06063131573615799,0.474406082640878,-0.17318735378496353,1.5298288106761495
0.798671159315335,0.3477478015174833,-1.0,1.3504957408592708
0.2948102101619765,-0.19663559944399345,1.0,-1.3614256219546546
0.012360500535554486,-0.1055665407966806,0.33938605594444105,0.600077978208854
-0.3909364611355115,0.705907952968039,0.2095471669317317,-0.012961442094890974
-1.0,0.1403495929294425,1.0,3.663393360569976
1.0,0.5611617409431982,-0.39991203319153024,5.748305523112202
0.4758661484677589,-0.3494738760152154,1.0,-1.8174495066356682
0.8756512331067354,-0.9717274849781121,0.07354960362889029,-3.66857895652546
-0.1652653205183483,0.2528697925992409,0.3870847958433332,0.5151279899837066
1.0,0.6513934650520572,1.0,25.297328212168228
0.1162697260284018,-0.5123896953674896,0.8106481685499773,-0.5577513971720228
-0.20840882869165633,-1.0,-0.6344658710263975,-1.6335927045377256
-0.965956429783217,-0.7699245272634969,-0.012894990890444769,2.9997337909286683
-0.19016907335769395,-1.0,0.2978543328066381,2.2202434149934693
1.0,-0.023097078124535875,-1.0,8.186900996149674
0.7196343460778349,-1.0,-0.35788905690870343,-4.46117664834299
0.8768055349639605,1.0,-0.08208128634502998,11.061428008091944
-0.09424143969284948,0.3782146984985919,-0.13009257337662095,-0.0813112281802207
0.06482120072963249,0.11986466292493514,0.006292552001277318,1.342451979064612
-0.35955899871829633,0.40544049481781697,-1.0,-1.6830368597217975
0.260171245449349,-0.4784875765923031,-0.22952294468386292,1.2738335606225126
0.21481968804627072,-0.022954956343868016,1.0,-1.1123864246965813
0.8910316610410713,-0.4545446323221394,-0.7391295903064774,3.04959802590017
-0.06127447346481363,1.0,-0.837049077431006,8.035188496768985
-1.0,-1.0,1.0,21.58193860773552
1.0,0.5343238466116946,-0.24955565639892985,5.109368018308505
-1.0,-0.39898227866916747,-0.9644824271906669,5.016357976354548
0.752434227261074,-0.46402963640487016,1.0,-1.6985988357160886
-1.0,-0.26334920157244257,1.0,4.781873908293693
0.43951117078047663,0.521852726175063,0.6073883276169869,2.2298474780464703
-0.6706968669110143,-1.0,-1.0,-8.004135282021913
0.62825002756729,-0.30413530547730994,0.7971617262117685,0.509760929585278
1.0,0.2499025698225963,0.06934249616426524,5.027135900699691
0.4781464186936941,-0.5686899287611684,0.990059039438236,-3.4181271555998993
-0.8114269350724672,0.3674933615733098,-1.0,5.546047414532337
0.2133137669361711,-0.4365033796976354,0.9028625204555494,-1.8487185404715545
0.38410685373416453,0.2814560146576264,-0.7338039550542415,0.7291139765295873
0.3739248423658992,-1.0,0.14375045153493193,0.8158580648990419
1.0,-0.7661829678285994,-0.8749603300238338,-0.2371758044925532
-0.6781139476853497,-0.14083334603170639,-0.6964892403179952,1.507344844157832
-0.1346733480703295,1.0,1.0,12.971953834852945
-0.943924299289455,0.6486516211254172,-0.36687332931425076,-0.31768969363559396
-1.0,0.8595520499625886,-0.8897176871860897,14.088918698129381
-1.0,-0.43741944797110377,0.8316208435050447,3.096669883584034
0.8972276313318541,-1.0,0.760588234843455,-4.601510144389328
-0.7381235494161622,-1.0,-1.0,-5.187855341740131
-0.23082554298527724,-1.0,-1.0,-15.956057334570094
0.36979402519766724,0.5240843232451322,0.8232659094145325,1.0524014143788722
1.0,-0.7225408992894826,-0.0979812689354067,1.540870390392489
0.4644406399090575,-0.5178077785503914,0.6065665766435837,0.9584268640348499
0.10327873634031648,1.0,-0.4760314865401627,10.343294337590743
1.0,-0.8297233587086348,-1.0,-8.603481927736594
-0.03358210259507466,-0.7631302497579546,-0.36112862099907317,1.6464318642022877
-0.5496263114343387,0.9618822257246982,-1.0,-1.4458612501492176
0.9033079576885954,-0.3178273558592164,0.2768468601578,2.9111798295442988
-0.08307941062494639,0.3579592292512932,-0.9152239871822323,-2.1890944312425105
0.1765965415694426,0.052495198540468246,0.20685030766795465,1.295730670005259
1.0,0.7152384608069735,-1.0,16.7183112836988
1.0,-0.35360839773655006,0.5674622096151651,5.691018687408635
-0.4092313856141081,-0.8766691897940955,0.560718852412317,1.8304200832058697
1.0,0.9742142576236927,-0.9518007506005399,33.33758408033181
-1.0,-0.33677859689857526,0.7317816640801056,-0.32244974426456513
-1.0,-1.0,0.689367753378435,15.223843075603765
1.0,0.2472421355605694,1.0,18.788987095467256
0.4531284896761225,1.0,0.224351912144094,7.8213754574486565
1.0,-0.4073836739830905,-0.7017886472387831,5.668824072119738
-0.17066625581316153,0.9006796487700874,-0.5752054576791144,2.966566130838202
0.28268592845745233,0.6799183657308461,0.6086612645656129,2.441420051995198
0.3143144415567669,-0.0672953070360438,0.9103171001317454,-0.8677276054395097
-0.8410838539721741,0.5518284145432737,0.8060256339969845,-0.13051776515275415
0.20094967260611551,-0.26193630882780705,1.0,-1.50383844985289
-0.01527196970626199,-0.028516206502034347,0.2908126681790284,0.596853618038539
0.567482908652085,1.0,1.0,9.79212920207753
0.24106347996389532,-0.759558336299607,-0.33625838493838045,1.8601045240596652
-1.0,0.9635463227050571,0.8331537203321158,4.303127818800533
-0.12169384123598226,-1.0,0.3355626671603351,2.319544023863857
-1.0,-0.031417455691953755,-1.0,11.486422769806975
0.8814241985060998,-0.9400172756653784,-1.0,-20.244063533755284
-0.9754450120357141,-0.2671363483788507,-0.6015813313045282,-0.8270788675218252
0.583107792671764,-0.22624938933564787,0.22270901985951363,0.7142599358065415
-0.2779940321715966,-0.29838126999135395,0.47999593773065086,0.5582440506104547
-0.5913272051150336,0.09021877244579746,-0.5861854434104734,-0.3747647061126467
-0.27768754054228295,-0.09463367373577225,-0.8253253107381049,-0.02514687045856734
0.5894090287177516,0.03852575560262683,0.5977775699476582,1.5902189695151618
0.5298659872139804,-0.19977057082093874,1.0,-1.5216095610009925
-0.5590717584008744,1.0,0.21405003857259186,5.047737729266556
-0.012850853060555334,0.8284721101892842,-1.0,-3.3487156374177482
-0.619039508507887,-1.0,0.052577356788556795,4.7160211185804926
0.37961481118650586,0.5298192584937458,1.0,3.9714847427877453
-1.0,-0.008614202045455155,-0.36796765419240507,-3.358474540818838
-1.0,-0.24841856649922978,-0.22232757458004881,-2.918334880699485
0.2350045248771362,-0.013496885129932412,0.24379748476333596,0.878049472377739
0.45883511951962563,-0.15015906573029825,-1.0,-4.211047366023362
1.0,1.0,-1.0,39.21055561302772
0.9829972842634249,0.355996853069658,0.7362671369449203,10.300674745893522
-0.6845950983799207,-0.6075554230275759,0.45875857268604436,1.6482810434455717
0.07649185584021212,-0.5646019091562173,-0.7205192035470998,-0.4730395639557383
-1.0,0.2790597769430292,-0.12092442854189422,-3.8556007375288095
0.4410909613024514,0.3265352599361715,-0.38288355310045685,1.2367679786947403
-1.0,0.08024765309288862,0.5559914449550509,-3.4843349201055895
0.4200514330308389,-1.0,1.0,-7.399308554212532
-0.08882934140118759,0.1042036849491701,-0.6361917982563092,0.9917920217945855
0.0013594251653086253,0.27308278235253325,0.5102042654449404,0.04910977388778193
-0.7484833523211625,0.8238981506259657,-1.0,0.6480254871780422
-0.8364341862241558,-0.22178416068347095,-1.0,4.632195593544013
-0.8029206746106705,-1.0,-0.06547503255840614,6.672985453410331
1.0,-1.0,0.6256086274095818,-5.79052906637293
0.4379662137674978,0.5055047173338945,-0.5003778226008502,0.6438325961795601
-0.14299311572557638,-0.28683035513259303,1.0,0.240023825493767
0.48635360498695723,-0.5872647791025407,-0.8460833055076615,-1.626191065298089
-0.2303885202530791,-0.6534748305078144,1.0,-1.1653467692469235
-0.27127776129691106,-0.5599249069915968,0.71398757525394,0.5663078692388117
1.0,1.0,-0.8524446784732029,32.47567664668796
-1.0,-1.0,-1.0,2.7805888219753774
1.0,0.4288176450610257,-0.4248125313738984,5.1998701939197165
0.8030593970953537,-0.016255009232243767,-1.0,0.11015466314342126
-1.0,-0.2240067197775668,-0.8833147061312909,4.558133219124082
-0.6926254001862902,0.8576836385406434,-0.7255495811779196,-1.0496075537308949
0.11393034255443357,0.8370508499734244,0.043721063320326436,1.908123182294454
-0.7598030359274437,-0.757083699610374,-0.8191375811333019,1.1557184242612322
-0.09525981974303699,-1.0,-0.45820482857337486,0.40175039123784523
-0.19947522109663374,-0.410413279537845,-0.9193047329269124,-2.1511824978731258
-0.9567978419786496,-0.9628015366640386,0.3486492645374446,8.353358710658593
0.47895043499608136,1.0,0.9750297151814371,9.507763412284977
-0.7278768013567305,-0.3801511303043392,-0.626593365323922,1.0891654915502185
-1.0,-0.9088895180367689,-0.17668819231395627,4.909789346114841
0.06785951734510953,-0.15244189169588696,1.0,-1.3799299558419673
1.0,0.1759601967257478,0.5728181362716738,8.286879122106104
1.0,0.39745137664548746,1.0,20.03154584581819
0.9602993678078813,1.0,1.0,23.28689778107306
-0.19794115449371064,-0.06833670639035083,-0.9705280711539965,-1.5958420297612883
-0.058567733233600316,0.2165354895683318,-0.4523642995473163,0.3214779119017775
-1.0,0.6190573861552862,0.7967236224910073,-2.150122497634302
0.1324501493956427,-0.977755234768773,1.0,-6.820742218707323
1.0,0.40560850283620864,-1.0,12.204238427930695
0.07534999998131786,0.26176271657793904,-0.16123245444624135,-0.4609946242746956
1.0,1.0,-0.7507326492416286,27.93153848482099
-1.0,0.03779399993069865,-0.3230611563099606,-2.90547586054938
0.18733667242736196,0.29107129761457706,0.20321390345967916,0.4131564656190929
0.5001307703565556,0.09848508255272703,0.45103799737881056,1.3956332107305556
-0.9734991096271974,0.02045108465218881,-0.2345563540618525,-4.3489792759264505
1.0,1.0,-0.2397316211672269,16.235125165304556
-1.0,-0.3759036504840825,-0.08347592210249499,-3.236668593174058
-1.0,0.40031899493546375,1.0,4.994379154433568
-0.5666526824712099,0.4020852802159811,0.9648338502649594,2.0901231347201383
0.1400662160487658,0.3439174777162721,-1.0,-3.5767809259169585
-1.0,0.10383452113766012,0.2751978205893564,-4.488184732212615
-0.10305809600747184,0.10242205064303356,-0.0016183214791694045,0.4312810399428482
0.3212338663315488,1.0,-0.7776398449925626,10.889725013455989
0.399796357769842,-0.23814665854297212,1.0,-2.4171573882551347
1.0,-0.44295873855538237,-1.0,1.908041524578001
-0.34216620208932325,0.8371814393572103,0.15182375980466545,1.8662287327334153
-0.4356364536217492,-0.28982695579700346,-0.34909457181509373,1.6177007205393545
-0.1143111335041127,-1.0,0.8471033306484532,-2.285315293564108
1.0,1.0,-0.7320228718872728,27.388436418297832
0.07030005423703711,-0.8532487715314923,-1.0,-11.468994265145936
0.0479697183476393,-0.9901217320509292,0.6969879135011194,-0.32484136325141294
0.23048466569595383,-1.0,1.0,-7.497185220304296
-0.38503803220985855,-0.29644384643000055,0.988686424286886,0.49402163796076776
0.1629266076858642,-0.35107686066238863,-0.3167692701907123,1.4903988051714667
0.530910356031346,0.21956870373256288,1.0,1.4031087324459643
0.5740961935555031,1.0,-0.6961060621248154,11.708598369396544
-0.4045113573700163,0.8613078528934277,-1.0,-3.7682799219517564
-0.6461311537084728,-0.6808956957085186,1.0,1.9206220015708695
0.7880320101855784,0.1551030885991831,0.3632923550399396,3.392459417600205
-1.0,0.9661105696100349,1.0,15.622268665629333
0.08741454280752237,0.1508208300078442,-0.43243528345523297,1.4528990757834688
-0.47872035216950337,0.4129501849262571,0.2692739855341648,-1.7021351002343539
0.31981208552056395,-0.27807522110437066,0.5882598591247961,0.2544653542123375
0.022719547492527914,0.6427368493559005,-0.5798707947818118,0.5097784207680125
0.43425041216160576,-0.3120665085270402,-0.41470684638645205,1.5621751145279688
0.159019638535846,0.45677977934328307,-1.0,-4.0733887318904065
-1.0,-0.030464046943863954,-0.08857849513202076,-4.140959986485907
0.6560267971703677,0.5044905417297478,-0.9427035062570743,0.13767297704774195
-0.9076396905888713,1.0,1.0,15.886407472456803
-0.6142134790582112,1.0,0.20905023461112537,4.914402740508252
0.5510721178200089,-1.0,-0.8511620443868217,-13.069348394004251
0.5458178472611743,-0.08945729812840963,0.07640480112580539,1.5344107978591564
0.8127418991148117,-0.29800457629935373,-0.3881746263647863,1.8940494124227716
-0.7638459610070494,0.7969537003174478,0.3494584090724062,-1.4133722459494942
-1.0,0.7969114660693843,1.0,11.397599482331696
1.0,0.22194222680336573,-1.0,10.05487050728267
-1.0,0.10945373642542822,0.5600938307962777,-4.374412630470929
0.8516238522506803,1.0,-0.9195552320264584,20.906612024868277
-0.4086583594168822,1.0,-1.0,0.914521865215902
-0.446489781020736,0.12317802704267988,-0.3354906405672107,-0.6718212962317721
-0.037327738222446616,-1.0,0.9358484305228576,-4.819397360470063
0.9355014604127008,-1.0,-0.037237027271847856,-6.772216186996148
-0.16177001361953414,0.35880040564888405,0.775274353064781,0.7288217160277286
0.030115972581992834,-0.043939964369389184,-0.30041403865163074,0.5158614800132209
0.060313193298692225,0.09257725408085604,0.33906380517917456,-0.0022435765312330824
-0.5993967620208831,-1.0,-0.15922521881904883,4.097035435276408
1.0,-1.0,1.0,-9.840600384828988
-0.3324523284780061,0.7454121785974404,-1.0,-3.7180648010129156
-1.0,-0.408823962026595,-0.318072143168149,-2.2099123980848536
0.7381450044522602,1.0,0.41718007897754306,7.897374728248935
0.39731322395144364,-1.0,0.5774292941786925,-0.5524963308393402
1.0,-0.5651032944439689,0.4894116283944141,3.7945737564485738
-1.0,-1.0,-1.0,3.2718216449899775
-0.10010498798415002,-0.6825088041262422,-0.29861847148964227,1.1991991764375443
0.4325104548448204,-1.0,-0.9715761106608012,-19.385887913784345
0.857767421862188,0.22479958069187145,0.8333630237575431,6.934690862870509
-0.5590615116576942,0.41514682907661493,-0.271632416160841,-1.2404188591852043
0.9103147286296265,0.962489406002438,-1.0,22.111832318471798
-0.1736624087693761,0.38798894963843833,-0.6250491685251867,0.51814102711108
-0.5728882089868426,-0.41877258678978757,-0.7252302403544355,1.0852966640640542
-0.7245466161313892,0.9069573146917591,-0.33691916817280054,0.8381848235226874
-1.0,1.0,0.6591434080985199,1.2427421842328414
-0.4896332600880231,1.0,0.20078362728993748,5.291915753046552
-1.0,0.1423457948508513,-1.0,12.219441536587645
-1.0,-0.9220044579081981,0.9867497763116762,19.372519118189636
0.7401993229664536,-0.026546454511900075,1.0,1.5824636731738813
0.8204537144459967,0.9991163539156092,-1.0,18.211198809729733
-0.7487417516777728,-1.0,0.21016411737784968,6.614270786130361
0.13858799144628575,-0.3961285643494157,-0.14913279902848586,0.993811364648158
-0.7637969146779737,-0.7890407253850322,0.7455880402453157,4.123034206646432
-0.175853038599876,0.5757155362583466,0.7476323124813362,1.0259620008875294
0.4634891858193484,-0.62183545137105,0.7399024205140203,-0.7379137481446992
